{"count":1,"self":3192.8012799999997,"total":11744.491053599999,"children":{"InitializeActuators":{"count":6,"self":0.0009973,"total":0.0009973,"children":null},"InitializeSensors":{"count":6,"self":0.00399,"total":0.00399,"children":null},"AgentSendState":{"count":5252434,"self":9.6167287999999989,"total":142.8617933,"children":{"UpdateModelSpacePoses":{"count":1575732,"self":22.9579632,"total":22.9579627,"children":null},"UpdateLocalSpacePoses":{"count":1575732,"self":34.4915072,"total":34.491507899999995,"children":null},"CollectObservations":{"count":1575732,"self":0.682103,"total":0.682103,"children":null},"WriteActionMask":{"count":1575732,"self":0.63124689999999994,"total":0.63124689999999994,"children":null},"RequestDecision":{"count":1575732,"self":3.209022,"total":74.4822437,"children":{"AgentInfo.ToProto":{"count":1575732,"self":2.4851424,"total":71.2732216,"children":{"GenerateSensorData":{"count":1575732,"self":68.7880768,"total":68.788079299999993,"children":null}}}}}}},"DecideAction":{"count":5252434,"self":8028.0969215999994,"total":8028.097226,"children":null},"AgentAct":{"count":5252434,"self":377.5390208,"total":380.7247896,"children":{"AgentInfo.ToProto":{"count":52706,"self":0.2243839,"total":3.1857655,"children":{"GenerateSensorData":{"count":52706,"self":2.9613815999999997,"total":2.9613815999999997,"children":null}}}}}},"gauges":{"SpiderMuscules.CumulativeReward":{"count":52706,"max":53.2003021,"min":-29.2205276,"runningAverage":2.8713007,"value":3.70140934,"weightedAverage":5.525803}},"metadata":{"timer_format_version":"0.1.0","start_time_seconds":"1615920997","unity_version":"2020.3.0f1","command_line_arguments":"G:\\Unity\\Hub\\Editor\\2020.3.0f1\\Editor\\Unity.exe -projectpath C:\/Users\/makci\/Desktop\/ForkProjects\/Walking-Unity-ML-Project -useHub -hubIPC -cloudEnvironment production -hubSessionId 59dfaf50-861c-11eb-9f74-632fdf237c97 -accessToken ZGhUirNim46-TjoaD_igV2fZ7-ID7xbd4dror8IPUT8009f","communication_protocol_version":"1.4.0","com.unity.ml-agents_version":"1.8.1-preview","scene_name":"MainScene","end_time_seconds":"1615932741"}}