{"count":1,"self":1710.9693439999999,"total":4712.2587363,"children":{"InitializeActuators":{"count":18,"self":0.0019944999999999997,"total":0.0019944999999999997,"children":null},"InitializeSensors":{"count":18,"self":0.0009973,"total":0.0009973,"children":null},"AgentSendState":{"count":2896684,"self":7.1721743999999994,"total":39.9347746,"children":{"CollectObservations":{"count":2607030,"self":11.720563199999999,"total":11.720563,"children":null},"WriteActionMask":{"count":2607030,"self":0.6870761,"total":0.6870761,"children":null},"RequestDecision":{"count":2607030,"self":3.9204784,"total":20.354961199999998,"children":{"AgentInfo.ToProto":{"count":2607030,"self":3.2527207999999996,"total":16.4344829,"children":{"GenerateSensorData":{"count":2607030,"self":13.1817624,"total":13.1817622,"children":null}}}}}}},"DecideAction":{"count":2896684,"self":2746.2569983999997,"total":2746.2570834999997,"children":null},"AgentAct":{"count":2896684,"self":214.4184448,"total":215.0935911,"children":{"AgentInfo.ToProto":{"count":55420,"self":0.20044489999999998,"total":0.67514089999999993,"children":{"GenerateSensorData":{"count":55420,"self":0.47469599999999995,"total":0.47469599999999995,"children":null}}}}}},"gauges":{"SpiderMuscules.CumulativeReward":{"count":55420,"max":30.5310516,"min":-7.796242,"runningAverage":15.3812752,"value":16.5501842,"weightedAverage":16.623209}},"metadata":{"timer_format_version":"0.1.0","start_time_seconds":"1615801157","unity_version":"2020.3.0f1","command_line_arguments":"G:\\Unity\\Hub\\Editor\\2020.3.0f1\\Editor\\Unity.exe -projectpath C:\/Users\/makci\/Desktop\/ForkProjects\/Walking-Unity-ML-Project -useHub -hubIPC -cloudEnvironment production -hubSessionId c2673cd0-8547-11eb-ba7a-1520e9db1bc6 -accessToken tXcyxMA1NYHwHH8sRLkBxF0AtgjaGXMcfVPqE62h7_g009f","communication_protocol_version":"1.4.0","com.unity.ml-agents_version":"1.8.1-preview","scene_name":"MainScene","end_time_seconds":"1615805869"}}