{"count":1,"self":2731.5210239999997,"total":7913.6558906,"children":{"InitializeActuators":{"count":18,"self":0.0009975,"total":0.0009975,"children":null},"InitializeSensors":{"count":18,"self":0.0009972,"total":0.0009972,"children":null},"AgentSendState":{"count":5026034,"self":14.262995199999999,"total":77.928197099999991,"children":{"CollectObservations":{"count":4523436,"self":21.527644799999997,"total":21.527644199999997,"children":null},"WriteActionMask":{"count":4523436,"self":1.2599822,"total":1.2599822,"children":null},"RequestDecision":{"count":4523436,"self":7.7970751999999992,"total":40.877576,"children":{"AgentInfo.ToProto":{"count":4523436,"self":6.8271568,"total":33.0805009,"children":{"GenerateSensorData":{"count":4523436,"self":26.253344,"total":26.253344199999997,"children":null}}}}}}},"DecideAction":{"count":5026034,"self":4696.6792191999994,"total":4696.6791224,"children":null},"AgentAct":{"count":5026034,"self":406.7720192,"total":407.5244753,"children":{"AgentInfo.ToProto":{"count":52283,"self":0.22288419999999998,"total":0.75246399999999991,"children":{"GenerateSensorData":{"count":52283,"self":0.52957979999999993,"total":0.52957979999999993,"children":null}}}}}},"gauges":{"SpiderMuscules.CumulativeReward":{"count":52283,"max":44.1932678,"min":-11.7036419,"runningAverage":14.8315773,"value":29.76339,"weightedAverage":30.496624}},"metadata":{"timer_format_version":"0.1.0","start_time_seconds":"1615716047","unity_version":"2020.3.0f1","command_line_arguments":"G:\\Unity\\Hub\\Editor\\2020.3.0f1\\Editor\\Unity.exe -projectpath C:\/Users\/makci\/Desktop\/ForkProjects\/Walking-Unity-ML-Project -useHub -hubIPC -cloudEnvironment production -hubSessionId b52ba280-84a8-11eb-aefc-85497408de85 -accessToken jtV4y574snRDhUD_a1RJpXJQ3TP1sQUlHgMcWtI_jv4009f","communication_protocol_version":"1.4.0","com.unity.ml-agents_version":"1.8.1-preview","scene_name":"MainScene","end_time_seconds":"1615723961"}}