{"count":1,"self":628.93839359999993,"total":2692.8686897,"children":{"InitializeActuators":{"count":36,"self":0.0009973,"total":0.0009973,"children":null},"InitializeSensors":{"count":36,"self":0.0039892,"total":0.0039892,"children":null},"AgentSendState":{"count":1193234,"self":7.2744295999999995,"total":40.490432399999996,"children":{"UpdateModelSpacePoses":{"count":2147832,"self":5.4741976,"total":5.4741975,"children":null},"UpdateLocalSpacePoses":{"count":2147832,"self":3.6323512,"total":3.6323513999999997,"children":null},"CollectObservations":{"count":2147832,"self":0.7608531,"total":0.7608531,"children":null},"WriteActionMask":{"count":2147832,"self":0.6094052,"total":0.6094052,"children":null},"RequestDecision":{"count":2147832,"self":3.3584631999999996,"total":22.7391953,"children":{"AgentInfo.ToProto":{"count":2147832,"self":2.9611878,"total":19.3807319,"children":{"GenerateSensorData":{"count":2147832,"self":16.419544,"total":16.4195441,"children":null}}}}}}},"DecideAction":{"count":1193234,"self":1969.0858495999998,"total":1969.0857479,"children":null},"AgentAct":{"count":1193234,"self":53.855456,"total":54.348156499999995,"children":{"AgentInfo.ToProto":{"count":21897,"self":0.1017352,"total":0.492701,"children":{"GenerateSensorData":{"count":21897,"self":0.3909658,"total":0.3909658,"children":null}}}}}},"gauges":{"Muscule.CumulativeReward":{"count":21897,"max":71.7686,"min":-52.88002,"runningAverage":42.3600464,"value":70.53527,"weightedAverage":63.1562424}},"metadata":{"timer_format_version":"0.1.0","start_time_seconds":"1616004331","unity_version":"2020.3.0f1","command_line_arguments":"G:\\Unity\\Hub\\Editor\\2020.3.0f1\\Editor\\Unity.exe -projectpath C:\/Users\/makci\/Desktop\/ForkProjects\/Walking-Unity-ML-Project -useHub -hubIPC -cloudEnvironment production -hubSessionId 040fa8e0-86e5-11eb-a8e6-61470493bbab -accessToken fEDFn0VNBzt5k98S_MH5Pzxwr3lJ9JYsfX5ji6-rHSo009f","communication_protocol_version":"1.4.0","com.unity.ml-agents_version":"1.8.1-preview","scene_name":"MainScene","end_time_seconds":"1616007023"}}