{"count":1,"self":386.837376,"total":2499.4941721,"children":{"InitializeActuators":{"count":2,"self":0.0009973,"total":0.0009973,"children":null},"InitializeSensors":{"count":2,"self":0.000997,"total":0.000997,"children":null},"AgentSendState":{"count":752867,"self":1.1159902,"total":91.2866576,"children":{"CollectObservations":{"count":75288,"self":0.98307559999999994,"total":0.98307559999999994,"children":null},"WriteActionMask":{"count":75288,"self":0.050867199999999994,"total":0.050867199999999994,"children":null},"RequestDecision":{"count":75288,"self":0.40492259999999997,"total":89.1367246,"children":{"AgentInfo.ToProto":{"count":75288,"self":0.42381369999999996,"total":88.731802,"children":{"GenerateSensorData":{"count":75288,"self":88.3079872,"total":88.307988299999991,"children":null}}}}}}},"DecideAction":{"count":752867,"self":1992.607744,"total":1992.6077232,"children":null},"AgentAct":{"count":752867,"self":13.7558352,"total":28.7604294,"children":{"AgentInfo.ToProto":{"count":11877,"self":0.10173489999999999,"total":15.0045936,"children":{"GenerateSensorData":{"count":11877,"self":14.9028592,"total":14.9028587,"children":null}}}}}},"gauges":{"SpiderMuscules.CumulativeReward":{"count":11877,"max":1.65715051,"min":-1.909487,"runningAverage":-0.8694395,"value":-0.6563996,"weightedAverage":-0.558641255}},"metadata":{"timer_format_version":"0.1.0","start_time_seconds":"1615829706","unity_version":"2020.3.0f1","command_line_arguments":"G:\\Unity\\Hub\\Editor\\2020.3.0f1\\Editor\\Unity.exe -projectpath C:\/Users\/makci\/Desktop\/ForkProjects\/Walking-Unity-ML-Project -useHub -hubIPC -cloudEnvironment production -hubSessionId c2673cd0-8547-11eb-ba7a-1520e9db1bc6 -accessToken tXcyxMA1NYHwHH8sRLkBxF0AtgjaGXMcfVPqE62h7_g009f","communication_protocol_version":"1.4.0","com.unity.ml-agents_version":"1.8.1-preview","scene_name":"MainScene","end_time_seconds":"1615832205"}}