{"count":1,"self":8139.7563391999993,"total":33136.9789057,"children":{"InitializeActuators":{"count":4,"self":0.0009972,"total":0.0009972,"children":null},"InitializeSensors":{"count":4,"self":0.00099739999999999985,"total":0.00099739999999999985,"children":null},"AgentSendState":{"count":24320852,"self":28.5401024,"total":304.8405812,"children":{"CollectObservations":{"count":4864172,"self":33.0465984,"total":33.0465971,"children":null},"WriteActionMask":{"count":4864172,"self":1.5179080999999999,"total":1.5179080999999999,"children":null},"RequestDecision":{"count":4864172,"self":9.7942168,"total":241.735974,"children":{"AgentInfo.ToProto":{"count":4864172,"self":9.5464112,"total":231.9417569,"children":{"GenerateSensorData":{"count":4864172,"self":222.39534079999999,"total":222.39534609999998,"children":null}}}}}}},"DecideAction":{"count":24320852,"self":24225.390592,"total":24225.3904786,"children":null},"AgentAct":{"count":24320852,"self":463.450624,"total":466.98817729999996,"children":{"AgentInfo.ToProto":{"count":65753,"self":0.22541029999999998,"total":3.5375498999999997,"children":{"GenerateSensorData":{"count":65753,"self":3.3121395999999996,"total":3.3121395999999996,"children":null}}}}}},"gauges":{"SpiderMuscules.CumulativeReward":{"count":65753,"max":50.052845,"min":-12.6364574,"runningAverage":11.5974007,"value":14.4630966,"weightedAverage":13.0446625}},"metadata":{"timer_format_version":"0.1.0","start_time_seconds":"1615845588","unity_version":"2020.3.0f1","command_line_arguments":"D:\\Programs\\Unity\\Editors\\2020.3.0f1\\Editor\\Unity.exe -projectpath D:\/_fork repos\/Walking-Unity-ML-Project -useHub -hubIPC -cloudEnvironment production -hubSessionId fb532af0-857d-11eb-b9c1-1110baaf8f04 -accessToken iE_u3eoFYiY23PFDXQMzdIJnlu2cLH3Hwfb6t-RTAd4009f","communication_protocol_version":"1.4.0","com.unity.ml-agents_version":"1.8.1-preview","scene_name":"MainScene","end_time_seconds":"1615878725"}}